Module,AceScheduler_AceLibraries,AceComponent_1,AceComponent_2,AceComponent_3,AceComponent_4
%OSI,ACE2xSchedulers,default,BrianFirstACE,Main,Context1
%OSI,ACE2xSchedulers,default,BrianFirstACE,Main,
%OSI,ACE2xSchedulers,default,MichaelFirstACE,Main,
%OSI,ACE2xSchedulers,default,MichaelFirstACE,Context1,
%OSI,ACE2xSchedulers,default,MPACE,,
%OSI,ACE2xSchedulers,default,Main,,
%OSI,ACE2xSchedulers,BrianFirstACE,Main,,
%OSI,ACEClassLibraries,BrianFirstACE,Main,,
%OSI,ACEClassLibraries,MichaelFirstACE,random1,,
%OSI,ACEClassLibraries,MichaelFirstACE,rmp_sk1,,
%OSI,ACEClassLibraries,MichaelFirstACE,,,
%OSI,ACEClassLibraries,SVCS-ACE,,,
